lead_id,store_name,lead_channel_label,google_maps_category,instagram_handle,followers,items_listed,sell_through_rate,website,email,phone,owner_name,address,city,neighbourhood,country,lat,lng,est_monthly_spend_gbp,lead_stage,last_contact_date,last_purchase_date,notes,lead_source
L1076,Restore Charity Shop,,Bric-a-brac,@restorecharityshop,24873,,,restorecharityshop.com,info@restorecharity.com,,Ellie Dubois,53 Broadway,Manchester,"Northern Quarter, Manchester",UK,53.49396,-2.23475,1656,NEW,,,Charity shop — all proceeds to local causes,Market visit
L1101,Salvage Depot,,Antique store,@salvagedepot,18523,,,,info@salvagedepot.com,+44 7053494937,Nadia Cole,127 Union St,Glasgow,Glasgow,UK,55.86978,-4.25068,928,not contacted,,,"Records, vinyl & memorabilia",BDR
L1172,eragoods99,depop,,@eragoods99,61247,958,43%,,,,,,,,,,,2286,new - inbound,,,,Depop scrape
L1005,Reclaimed Interiors,store,Antiques & collectibles,@reclaimedinteriors,6254,,,reclaimedinteriors.shop,info@reclaimedinter.com,,,130 Union St,London,"Shoreditch, London",UK,51.51567,-0.0657,1490,contacted,2026-04-28,,Fancy dress & theatrical costume hire,Referral
L1161,sourcedera14,depop,,@sourcedera14,57076,316,39%,,sourcedera14@gmail.com,,,,,,,,,1883,new - inbound,,,,Depop scrape
L1130,Curated Vault,physical,Used clothing store,@curatedvault,29631,,,curatedvault.shop,info@curatedvault.com,+33 628772175,,62 The Parade,Los Angeles,"Melrose, Los Angeles",USA,34.09508,-118.37179,5504,contacted,2026-04-14,,"Curated vintage womenswear, Levi's & band tees | ",Market visit
L1146,archivepicks77,depop,,@archivepicks77,32948,1202,40%,,,,,,,,,,,2637,new - inbound,,,"IG shop, DMs open",Depop scrape
L1204,Vinyl Revival Records,physical,Record store,,,,,vinylrevivalrecord.co.uk,,,,78 The Parade,Berlin,"Kreuzberg, Berlin",Germany,52.49027,13.39478,1829,closed - lost,14 May,,Antique furniture & mid-century homeware,Instagram
L1085,Golden Era Closet,store,Used clothing store,@goldeneracloset,12722,,,goldeneracloset.com,info@goldeneraclose.com,+44 7939828073,,113 Mill Lane,Bristol,"Stokes Croft, Bristol",UK,51.47295,-2.60034,1419,CONTACTED,27 May,,"Vintage workwear, military surplus, carhartt",Market visit
L1200,DUSTY DEPOT,physical,Vintage boutique,@dustydepot,14115,,,,,+33 699353875,,130 Mill Lane,New York,"Williamsburg, New York",USA,40.72329,-73.95182,5106,contacted,June 4 2026,,80s/90s denim & sportswear specialist,BDR
L1026,Curated Apparel,shop,Vintage & retro fashion,@curatedapparel,24651,,,curatedapparel.co.uk,info@curatedapparel.com,+44 7123281206,Sam Dubois,121 Mill Lane,London,"Camden, London",UK,51.52778,-0.14769,5126,1st touch sent,19/06/2026,,"Hand-picked vintage from the 60s to the 90s | Left a voicemail, no callback yet.",Google Maps scrape
L1203,RECLAIMED INTERIORS,physical,Furniture store,@reclaimedinteriors,29185,,,reclaimedinteriors.co.uk,info@reclaimedinter.com,+33 652166746,Ellie Meyer,108 Church Rd,Los Angeles,"Melrose, Los Angeles",USA,34.07451,-118.35629,1684,no fit,June 21 2026,,"Antique furniture & mid-century homeware | Tried us in 2023, wasn't happy with the sizing mix.",Google Maps scrape
L1186,retrofinds66,,,@retrofinds66,17193,936,29%,,,,,,,,,,,2352,stopped buying,20 Apr,January 2 2026,"Fast seller, good margins",Instagram
L1190,archivefinds16,,,@archivefinds16,63583,116,59%,,,,,,,,,,,2046,dormant,May 1 2026,September 28 2025,"Fast seller, good margins",Whatnot
L1177,deadera16,depop,,@deadera16,27594,771,11%,,,,,,,,,,,2136,1st touch sent,May 30 2026,,,Instagram
L1087,Mercer Archive,store,Second-hand shop,@mercerarchive,23024,,,mercerarchive.com,info@mercerarchive.com,+44 7714611254,Ben Novak,53 Cheshire St,Bristol,"Stokes Croft, Bristol",UK,51.46459,-2.59057,2126,responded,28/04/2026,,"Curated vintage womenswear, Levi's & band tees | ",Market visit
L1107,Revival Threads,,Used clothing store,@revivalthreads,21924,,,,info@revivalthreads.com,+33 603965223,,152 The Parade,Paris,"Le Marais, Paris",France,48.86635,2.36474,6348,1st touch sent,June 1 2026,,"Vintage workwear, military surplus, carhartt",Google Maps scrape
L1149,sourcedco83,reseller,,@sourcedco83,45531,687,29%,,,,,,,,,,,3272,responded,May 13 2026,,,Whatnot
L1188,grailsupply32,depop,,@grailsupply32,5782,1165,16%,,,,,,,,,,,3456,not contacted,,,"Fast seller, good margins",Whatnot
L1150,thriftedera99,reseller,,@thriftedera99,20227,1364,17%,,,,,,,,,,,307,emailed,2026/05/21,,Sells on Depop + Vinted,Depop scrape
L1028,Faded Apparel,store,Used clothing store,@fadedapparel,16512,,,fadedapparel.co.uk,info@fadedapparel.com,,Ben Byrne,172 Market St,London,"Camden, London",UK,51.54759,-0.14668,4143,closed - won,20 Jun,2026/06/02,80s/90s denim & sportswear specialist,Inbound
L1036,Patina Emporium,,Used clothing store,@patinaemporium,22561,,,,,+44 7516048175,Rosa Ferreira,68 Broadway,London,"Camden, London",UK,51.54674,-0.13203,1534,lapsed,31 Mar,July 27 2025,Retro football shirts & vintage sportswear | Keen but wants to see the app before committing.,Market visit
L1110,Revival Studio,shop,Antiques & collectibles,@revivalstudio,22960,,,revivalstudio.shop,,+33 609690295,,157 Union St,Berlin,"Kreuzberg, Berlin",Germany,52.50235,13.3935,1149,no fit,25/05/2026,,"Collectables, china, and bric-a-brac | Second shop opening soon, wants volume.",Instagram
L1153,deadco34,,,@deadco34,21535,64,29%,,,,,,,,,,,883,1st touch sent,2026/04/10,,Sells on Depop + Vinted,Depop scrape
L1016,Echo Garments,,Vintage & retro fashion,@echogarments,21989,,,,info@echogarments.com,+44 7951343320,,12 Union St,London,"Brick Lane, London",UK,51.53261,-0.06883,3427,in convo,June 21 2026,,"Vintage streetwear — Nike, Adidas, Ralph",Market visit
L1074,Retrograde Store,,Thrift store,@retrogradestore,5094,,,retrogradestore.com,info@retrogradestor.com,+44 7644089268,,127 High St,Brighton,"North Laine, Brighton",UK,50.83733,-0.1294,2043,new - inbound,,,"Y2K, grunge and reworked one-off pieces",Referral
L1066,Wilder Exchange,store,Retro clothing shop,@wilderexchange,11709,,,,info@wilderexchange.com,+44 7041574733,,138 Mill Lane,Brighton,"North Laine, Brighton",UK,50.83639,-0.13529,845,In conversation,25/03/2026,,"Vintage streetwear — Nike, Adidas, Ralph | Instagram DMs open, email bounced.",Instagram
L1156,thriftedgoods77,depop,,@thriftedgoods77,14566,734,18%,,,,,,,,,,,1364,emailed,2026/05/10,,"Whatnot seller, live sales",Vinted scrape
L1195,Analog Room,,Vintage & retro fashion,,,,,analogroom.shop,,+44 7345401938,Jack Okafor,45 Broadway,Brighton,"North Laine, Brighton",UK,50.83517,-0.14778,2281,Visit booked,28 May,,"Vintage workwear, military surplus, carhartt",Market visit
L1052,Echo Store,physical,Vintage & retro fashion,@echostore,2458,,,echostore.co.uk,info@echostore.com,+44 7980893246,James Dubois,91 Union St,London,"Dalston, London",UK,51.5477,-0.0825,3837,NEW,,,Hand-picked vintage from the 60s to the 90s,Referral
L1057,Static Vault,shop,Record store,@staticvault,4376,,,,info@staticvault.com,,,127 High St,London,"Notting Hill, London",UK,51.50566,-0.19427,1987,closed - lost,06/06/2026,,"Collectables, china, and bric-a-brac | Met at a market, said to drop by the shop.",BDR
L1115,Marlowe Goods,,Vintage & retro fashion,,,,,marlowegoods.com,,,Theo Rossi,153 Mill Lane,Amsterdam,Amsterdam,Netherlands,52.36327,4.90955,4658,new lead,,,Reworked vintage and archive designer pieces,Google Maps scrape
L1147,eraroom41,,,@eraroom41,11244,881,39%,,,,,,,,,,,1015,replied,03/06/2026,,,Whatnot
L1041,Sunday Collective,physical,Flea market,,,,,sundaycollective.com,info@sundaycollecti.com,+44 7615280988,Ben Ferreira,32 Broadway,London,"Peckham, London",UK,51.47049,-0.06503,1256,sent pricing,2026-06-23,,Fancy dress & theatrical costume hire,Instagram
L1003,Analog Emporium,physical,Retro clothing shop,@analogemporium,10736,,,analogemporium.com,info@analogemporium.com,,,146 The Parade,London,"Shoreditch, London",UK,51.5171,-0.07202,2933,negotiating,May 11 2026,,Hand-picked vintage from the 60s to the 90s,Instagram
L1162,grailfinds3,,,@grailfinds3,27350,1238,18%,,,,,,,,,,,2781,Closed Lost,2026/06/27,,"IG shop, DMs open",Instagram
L1118,Worn Rail,shop,Costume shop,,,,,wornrail.com,,+33 670534578,,102 Market St,Amsterdam,Amsterdam,Netherlands,52.37195,4.89791,905,replied,2026-06-06,,"Collectables, china, and bric-a-brac | Left a voicemail, no callback yet.",BDR
L1176,studioarchive99,,,@studioarchive99,27581,557,17%,,,,,,,,,,,614,New,,,Sells on Depop + Vinted,Depop scrape
L1132,thriftedera71,,,@thriftedera71,42581,653,37%,,,,,,,,,,,1219,New,,,,Vinted scrape
L1164,eragoods88,IG,,@eragoods88,12540,1189,41%,,eragoods88@gmail.com,,,,,,,,,1340,new - inbound,,,,Vinted scrape
L1160,theco92,depop,,@theco92,9601,709,35%,,,,,,,,,,,1990,trial pending,3 May,,"IG shop, DMs open",Whatnot
L1169,deadroom16,reseller,,@deadroom16,32356,1010,35%,,,,,,,,,,,1530,in convo,2026-05-10,,"Whatnot seller, live sales",Depop scrape
L1091,Wilder Supply,store,Thrift store,@wildersupply,14331,,,wildersupply.com,info@wildersupply.com,+44 7745171339,,177 The Parade,Bristol,"Stokes Croft, Bristol",UK,51.47367,-2.58735,1306,In conversation,18/06/2026,,"Curated vintage womenswear, Levi's & band tees | Instagram DMs open, email bounced.",BDR
L1108,Velvet Corner,shop,Thrift store,@velvetcorner,1643,,,velvetcorner.shop,,,,57 High St,Paris,"Le Marais, Paris",France,48.85963,2.34802,3721,replied,2026-06-20,,Reworked vintage and archive designer pieces,BDR
L1060,Bygone Racks,physical,Thrift store,@bygoneracks,10146,,,,info@bygoneracks.com,,,41 Kingsland Rd,London,"Soho, London",UK,51.51177,-0.13485,2389,responded,2026-05-04,,"80s/90s denim & sportswear specialist | Tried us in 2023, wasn't happy with the sizing mix.",Inbound
L1183,therail67,,,@therail67,34604,504,44%,,,,,,,,,,,1518,New,,,"Whatnot seller, live sales",Depop scrape
L1163,stockvault47,depop,,@stockvault47,9574,981,37%,,,,,,,,,,,497,emailed,2026-04-28,,,Vinted scrape
L1104,Heirloom Archive,physical,Vintage clothing store,@heirloomarchive,12056,,,heirloomarchive.shop,info@heirloomarchiv.com,,Grace Marsh,45 High St,Paris,"Le Marais, Paris",France,48.86985,2.36851,2767,won,2026/05/12,2026/05/19,Reworked vintage and archive designer pieces,Referral
L1127,Marlowe Vintage,,Consignment store,@marlowevintage,4018,,,marlowevintage.com,info@marlowevintage.com,+33 618114374,Yusuf Novak,13 Market St,Los Angeles,"Melrose, Los Angeles",USA,34.09132,-118.35202,3472,replied,2026/03/17,,Hand-picked vintage from the 60s to the 90s,Inbound
L1086,Golden Era Loft,,Consignment store,@goldeneraloft,13533,,,,info@goldeneraloft.com,+44 7868058911,Noor Diallo,169 The Parade,Bristol,"Stokes Croft, Bristol",UK,51.45699,-2.5873,2314,new lead,,,"Vintage workwear, military surplus, carhartt",Instagram
L1138,retrosupply58,,,@retrosupply58,20389,1151,60%,,,,,,,,,,,764,closed - won,2026/05/22,19/06/2026,"Whatnot seller, live sales",Whatnot
L1094,Wilder Goods,,Used clothing store,,,,,wildergoods.com,info@wildergoods.com,,Ellie Rossi,167 Mill Lane,Leeds,Leeds,UK,53.79152,-1.53881,1242,not contacted,,,80s/90s denim & sportswear specialist | ,Inbound
L1142,retroarchive14,,,@retroarchive14,26286,516,37%,,,,,,,,,,,806,responded,2026-05-26,,"Fast seller, good margins",Instagram
L1206,Velvet Corner,shop,Thrift store,@velvetcorner,1643,,,velvetcorner.shop,,,,57 High St,Paris,"Le Marais, Paris",France,48.85963,2.34802,3721,negotiating,2026/06/06,,Reworked vintage and archive designer pieces,BDR
L1199,Ragged Goods,store,Used clothing store,@raggedgoods,11003,,,raggedgoods.co.uk,info@raggedgoods.com,+44 7374549904,,168 The Parade,Brighton,"North Laine, Brighton",UK,50.83063,-0.15051,3932,Replied,29/06/2026,,"Vintage workwear, military surplus, carhartt | Busy on weekends — visit midweek.",BDR
L1012,Heirloom Depot,,Retro clothing shop,@heirloomdepot,21276,,,heirloomdepot.shop,info@heirloomdepot.com,+44 7680112805,Dan Baker,38 Broadway,London,"Shoreditch, London",UK,51.51506,-0.0766,4377,Closed Lost,29/05/2026,,"Y2K, grunge and reworked one-off pieces",Google Maps scrape
L1113,Heirloom Vault,physical,Consignment store,@heirloomvault,20067,,,heirloomvault.com,info@heirloomvault.com,+33 632417146,Ines Meyer,170 Mill Lane,Berlin,"Kreuzberg, Berlin",Germany,52.48919,13.40406,2637,in convo,01/05/2026,,"Y2K, grunge and reworked one-off pieces | Price-sensitive, compares to local wholesalers.",Inbound
L1179,reworkedera62,,,@reworkedera62,49020,312,59%,,,,,,,,,,,1697,NEW,,,"Whatnot seller, live sales",Instagram
L1004,Heirloom Store,shop,Vintage boutique,@heirloomstore,28616,,,heirloomstore.shop,info@heirloomstore.com,,Chloe Dubois,17 Broadway,London,"Shoreditch, London",UK,51.52116,-0.06009,8087,WON,17/06/2026,26 May,"Y2K, grunge and reworked one-off pieces",Referral
L1010,Second Racks,,Vintage clothing store,@secondracks,13369,,,,info@secondracks.com,,Ben Bennett,3 Kingsland Rd,London,"Shoreditch, London",UK,51.52691,-0.07049,5875,demo booked,June 15 2026,,"Hand-picked vintage from the 60s to the 90s | Met at a market, said to drop by the shop.",BDR
L1119,Restore Charity Shop,shop,Record store,,,,,,info@restorecharity.com,+33 646800722,,154 High St,Amsterdam,Amsterdam,Netherlands,52.36097,4.9067,1782,Closed Won,10/04/2026,2026-06-14,Fancy dress & theatrical costume hire,Instagram
L1090,Revival Supply,,Vintage boutique,@revivalsupply,4873,,,revivalsupply.shop,info@revivalsupply.com,+44 7767677219,James Diallo,75 High St,Bristol,"Stokes Croft, Bristol",UK,51.4596,-2.5891,2472,contacted,7 Jun,,"Retro football shirts & vintage sportswear | Left a voicemail, no callback yet.",Referral
L1013,Helping Hand Charity,physical,Furniture store,@helpinghandcharity,6201,,,helpinghandcharity.com,,,Jack Byrne,106 Union St,London,"Shoreditch, London",UK,51.5184,-0.0651,1720,emailed,11 Mar,,Fancy dress & theatrical costume hire | Owner mentioned they already buy from a Pakistan supplier.,Market visit
L1137,reworkedvault89,,,@reworkedvault89,40525,689,37%,,reworkedvault89@gmail.com,,,,,,,,,2088,replied,15/04/2026,,"IG shop, DMs open",Instagram
L1198,THE COSTUME TRUNK,,Flea market,@thecostumetrunk,12987,,,thecostumetrunk.co.uk,,+44 7325953278,Sam Meyer,79 Kingsland Rd,London,"Soho, London",UK,51.50236,-0.12331,1196,Churned,2026/05/09,,"Records, vinyl & memorabilia",BDR
L1058,Thread Rail,store,Consignment store,@threadrail,15144,,,,,,Sofia Baker,164 Church Rd,London,"Notting Hill, London",UK,51.51543,-0.2049,3845,dormant,2026/05/03,22 Sep,Hand-picked vintage from the 60s to the 90s,Google Maps scrape
L1131,depopco11,,,@depopco11,30099,677,12%,,,,,,,,,,,2877,emailed,2026-06-29,,"Fast seller, good margins",Instagram
L1015,Loop Wardrobe,,Vintage clothing store,@loopwardrobe,28187,,,loopwardrobe.co.uk,info@loopwardrobe.com,+44 7656482366,,174 Church Rd,London,"Brick Lane, London",UK,51.52377,-0.07628,7824,replied,June 16 2026,,Hand-picked vintage from the 60s to the 90s,Google Maps scrape
L1167,stockdrip47,,,@stockdrip47,64545,486,38%,,,,,,,,,,,200,Replied,18 May,,"Fast seller, good margins",Depop scrape
L1187,deadthreads62,IG,,@deadthreads62,45162,500,56%,,,,,,,,,,,498,New,,,,Depop scrape
L1024,Ragged Trading Co,,Retro clothing shop,@raggedtradingco,6466,,,raggedtradingco.co.uk,info@raggedtradingc.com,+44 7989413435,Leo Lopez,4 Cheshire St,London,"Brick Lane, London",UK,51.51204,-0.08241,3522,contacted,07/06/2026,,"Y2K, grunge and reworked one-off pieces | Busy on weekends — visit midweek.",Instagram
L1148,retropicks38,,,@retropicks38,54781,1359,5%,,,,,,,,,,,1308,new - inbound,,,Sells on Depop + Vinted,Whatnot
L1096,Flea & Co,physical,Antique store,@fleaandco,14896,,,,info@fleaandco.com,+44 7121965652,,64 Mill Lane,Leeds,Leeds,UK,53.80317,-1.55524,1080,visiting,13/03/2026,,Reclaimed furniture and home restoration,Instagram
L1095,Moth Vault,,Vintage boutique,@mothvault,19853,,,mothvault.com,info@mothvault.com,+44 7051627136,Tom Shah,27 The Parade,Leeds,Leeds,UK,53.79652,-1.55402,1265,negotiating,2026/06/03,,"80s/90s denim & sportswear specialist | Tried us in 2023, wasn't happy with the sizing mix.",Instagram
L1078,Wilder & Sons,physical,Retro clothing shop,@wilderandsons,21430,,,,info@wilderandsons.com,+44 7801006231,,39 High St,Manchester,"Northern Quarter, Manchester",UK,53.47725,-2.23706,2335,NEW,,,Retro football shirts & vintage sportswear | ,Instagram
L1136,eraarchive59,,,@eraarchive59,1084,1116,52%,,eraarchive59@gmail.com,,,,,,,,,1122,responded,2026/06/25,,"Fast seller, good margins",Instagram
L1129,Kestrel Goods,,Vintage & retro fashion,@kestrelgoods,16394,,,,,,,12 Market St,Los Angeles,"Melrose, Los Angeles",USA,34.07808,-118.36546,4499,Contacted,17 Jun,,Retro football shirts & vintage sportswear,Instagram
L1143,depoprail41,depop,,@depoprail41,14109,1300,60%,,depoprail41@gmail.com,,,,,,,,,1751,Churned,June 3 2026,2025/10/06,,Vinted scrape
L1128,Reclaimed Interiors,physical,Furniture store,@reclaimedinteriors,29185,,,reclaimedinteriors.co.uk,info@reclaimedinter.com,+33 652166746,Ellie Meyer,108 Church Rd,Los Angeles,"Melrose, Los Angeles",USA,34.07451,-118.35629,1684,new lead,,,"Antique furniture & mid-century homeware | Tried us in 2023, wasn't happy with the sizing mix.",Google Maps scrape
L1144,eraroom25,reseller,,@eraroom25,13053,385,52%,,,,,,,,,,,200,new lead,,,,Depop scrape
L1031,Bygone Exchange,,Vintage & retro fashion,@bygoneexchange,11293,,,bygoneexchange.co.uk,info@bygoneexchange.com,+44 7533963605,,122 Broadway,London,"Camden, London",UK,51.53627,-0.13867,3749,emailed,2026/04/22,,"Y2K, grunge and reworked one-off pieces",BDR
L1201,NOMAD ROOM,,Vintage clothing store,@nomadroom,5647,,,nomadroom.co.uk,info@nomadroom.com,+44 7362266093,,116 Broadway,Bristol,"Stokes Croft, Bristol",UK,51.46233,-2.58509,3732,Churned,May 4 2026,,80s/90s denim & sportswear specialist | ,Google Maps scrape
L1055,Thread Garments,,Charity shop,@threadgarments,1787,,,,info@threadgarments.com,+44 7640165820,Sofia Dubois,174 Kingsland Rd,London,"Notting Hill, London",UK,51.49784,-0.20639,1108,CONTACTED,March 30 2026,,Reclaimed furniture and home restoration,Inbound
L1011,Golden Era Trading Co,shop,Vintage clothing store,@goldeneratradingco,10210,,,goldeneratradingco.co.uk,info@goldeneratradi.com,,,30 Market St,London,"Shoreditch, London",UK,51.52982,-0.08027,2700,lost,2026-04-08,,"Vintage workwear, military surplus, carhartt | Keen but wants to see the app before committing.",Instagram
L1125,Marlowe Exchange,,Consignment store,@marloweexchange,4699,,,marloweexchange.shop,info@marloweexchang.com,,,44 Market St,New York,"Williamsburg, New York",USA,40.7118,-73.95639,1193,contacted,2026-06-04,,Reworked vintage and archive designer pieces | ,Inbound
L1029,Attic Apparel,store,Thrift store,@atticapparel,2176,,,,,,Mila Meyer,161 Kingsland Rd,London,"Camden, London",UK,51.54524,-0.14971,1618,1st touch sent,2026/06/07,,80s/90s denim & sportswear specialist,Inbound
L1049,Marlowe Rail,,Thrift store,@marlowerail,10092,,,,info@marlowerail.com,+44 7880592962,Leo Nowak,178 Church Rd,London,"Dalston, London",UK,51.55131,-0.08595,2428,contacted,2026-03-15,,Hand-picked vintage from the 60s to the 90s | ,BDR
L1050,Analog Closet,,Homeware store,@analogcloset,5710,,,analogcloset.com,,+44 7407581814,Tom Nowak,70 Kingsland Rd,London,"Dalston, London",UK,51.55573,-0.08346,1085,emailed,19/03/2026,,"Records, vinyl & memorabilia | Keen but wants to see the app before committing.",Market visit
L1083,Patina Store,,Retro clothing shop,@patinastore,14522,,,patinastore.shop,,+44 7886101581,,153 The Parade,Manchester,"Northern Quarter, Manchester",UK,53.49273,-2.2477,2389,New,,,"Reworked vintage and archive designer pieces | Heard of Fleek, thinks it's 'for small resellers'.",Instagram
L1178,deadpicks79,,,@deadpicks79,36982,1171,35%,,,,,,,,,,,2479,not contacted,,,"Whatnot seller, live sales",Whatnot
L1032,Second Store,,Vintage & retro fashion,,,,,secondstore.co.uk,info@secondstore.com,,Ben Dubois,178 Broadway,London,"Camden, London",UK,51.5426,-0.13416,1794,not interested,2026-06-12,,"Vintage streetwear — Nike, Adidas, Ralph",Referral
L1051,Bygone Room,physical,Flea market,@bygoneroom,4908,,,bygoneroom.co.uk,info@bygoneroom.com,,,121 Church Rd,London,"Dalston, London",UK,51.55221,-0.07574,654,new lead,,,Reclaimed furniture and home restoration,Google Maps scrape
L1103,Pinegrove Store,,Retro clothing shop,@pinegrovestore,24496,,,,info@pinegrovestore.com,+33 643132912,Priya Nowak,116 Kingsland Rd,Paris,"Le Marais, Paris",France,48.85454,2.3509,2579,visit booked,May 21 2026,,"Curated vintage womenswear, Levi's & band tees | Keen but wants to see the app before committing.",Market visit
L1072,Bygone Emporium,shop,Vintage boutique,,,,,bygoneemporium.shop,info@bygoneemporium.com,,Nadia Shah,46 Cheshire St,Brighton,"North Laine, Brighton",UK,50.82343,-0.14894,3278,1st touch sent,2026/03/12,,Hand-picked vintage from the 60s to the 90s,Google Maps scrape
L1126,Retrograde Racks,physical,Second-hand shop,@retrograderacks,23398,,,retrograderacks.co.uk,info@retrograderack.com,+33 661849926,Priya Ali,159 Market St,Los Angeles,"Melrose, Los Angeles",USA,34.07858,-118.35417,7414,Visit booked,12/06/2026,,"Curated vintage womenswear, Levi's & band tees | Instagram DMs open, email bounced.",BDR
L1173,thedrip50,,,@thedrip50,45650,889,57%,,,,,,,,,,,1638,New,,,"Fast seller, good margins",Depop scrape
L1184,archivefinds36,,,@archivefinds36,39209,440,38%,,,,,,,,,,,1613,won,2026-06-30,2026/06/27,"IG shop, DMs open",Whatnot
L1071,Worn Exchange,,Vintage & retro fashion,@wornexchange,18878,,,wornexchange.shop,,+44 7406403910,Chloe Haddad,180 Market St,Brighton,"North Laine, Brighton",UK,50.82699,-0.15055,3357,Replied,2026/06/24,,Retro football shirts & vintage sportswear,Market visit
L1121,Dusty Depot,physical,Vintage boutique,@dustydepot,14115,,,,info@dustydepot.com,+33 699353875,,130 Mill Lane,New York,"Williamsburg, New York",USA,40.72329,-73.95182,5106,meeting set,11 May,,80s/90s denim & sportswear specialist,BDR
L1030,Faded Loft,shop,Vintage & retro fashion,,,,,,info@fadedloft.com,+44 7748467737,Freya Rossi,99 Union St,London,"Camden, London",UK,51.54912,-0.1424,3558,sent pricing,2026-05-03,,"Vintage workwear, military surplus, carhartt",Google Maps scrape
L1077,Velvet Closet,shop,Used clothing store,@velvetcloset,28714,,,velvetcloset.shop,,+44 7204899642,Hannah Byrne,59 Broadway,Manchester,"Northern Quarter, Manchester",UK,53.48567,-2.2421,804,not contacted,,,"Vintage streetwear — Nike, Adidas, Ralph",Instagram
L1038,Moth Supply,physical,Used clothing store,@mothsupply,21354,,,mothsupply.co.uk,,,,63 Church Rd,London,"Peckham, London",UK,51.48089,-0.07608,1273,contacted,2026-04-16,,80s/90s denim & sportswear specialist,Referral
L1056,Dusty Vault,,Retro clothing shop,@dustyvault,4117,,,dustyvault.shop,info@dustyvault.com,+44 7681447394,Ellie Meyer,52 Market St,London,"Notting Hill, London",UK,51.50026,-0.20622,3762,Contacted,28/06/2026,,"Vintage streetwear — Nike, Adidas, Ralph | ",Market visit
L1099,Nomad Vault,physical,Thrift store,@nomadvault,12585,,,,info@nomadvault.com,+44 7056481491,,128 Kingsland Rd,Glasgow,Glasgow,UK,55.86446,-4.26247,3456,negotiating,June 15 2026,,Reworked vintage and archive designer pieces,BDR
L1111,Velvet Exchange,physical,Vintage boutique,@velvetexchange,3940,,,velvetexchange.co.uk,info@velvetexchange.com,+33 676267658,Oscar Shah,123 Union St,Berlin,"Kreuzberg, Berlin",Germany,52.4909,13.39277,3572,sent pricing,2026-03-31,,"Curated vintage womenswear, Levi's & band tees",Inbound
L1123,Dusty Store,physical,Vintage boutique,@dustystore,6194,,,dustystore.co.uk,info@dustystore.com,,Yusuf Klein,44 Church Rd,New York,"Williamsburg, New York",USA,40.71475,-73.95367,1393,not interested,2026-05-22,,"Vintage streetwear — Nike, Adidas, Ralph | Instagram DMs open, email bounced.",Market visit
L1062,Velvet Room,store,Vintage clothing store,@velvetroom,12385,,,velvetroom.com,info@velvetroom.com,+44 7609835841,Oscar Ali,116 Cheshire St,London,"Soho, London",UK,51.50851,-0.12226,879,in convo,26 Mar,,"Y2K, grunge and reworked one-off pieces",Google Maps scrape
L1097,Faded Vault,,Consignment store,@fadedvault,21308,,,fadedvault.com,,+44 7552696582,Noor Meyer,19 High St,Glasgow,Glasgow,UK,55.8663,-4.26347,656,won,2026-04-16,2026-05-22,"Vintage workwear, military surplus, carhartt | Owner mentioned they already buy from a Pakistan supplier.",Market visit
L1063,Rewind Society,,Used clothing store,@rewindsociety,15923,,,rewindsociety.co.uk,info@rewindsociety.com,+44 7298259526,Mila Lopez,152 The Parade,London,"Soho, London",UK,51.51398,-0.13377,1388,new - inbound,,,"Vintage streetwear — Nike, Adidas, Ralph | Instagram DMs open, email bounced.",Inbound
L1133,stockrail59,IG,,@stockrail59,56133,960,26%,,,,,,,,,,,236,lapsed,May 2 2026,2025-11-10,Sells on Depop + Vinted,Vinted scrape
L1145,depopthreads55,,,@depopthreads55,56244,552,5%,,depopthreads55@gmail.com,,,,,,,,,713,NEW,,,"Whatnot seller, live sales",Depop scrape
L1196,WORN TRADING CO,store,Used clothing store,@worntradingco,18683,,,worntradingco.co.uk,info@worntradingco.com,+44 7925192546,,34 Market St,London,"Dalston, London",UK,51.54143,-0.07796,4189,emailed,2026-06-02,,"Y2K, grunge and reworked one-off pieces",BDR
L1181,archivedrip82,,,@archivedrip82,61477,1259,32%,,,,,,,,,,,1998,New,,,"IG shop, DMs open",Depop scrape
L1037,Static Racks,shop,Vintage boutique,@staticracks,8093,,,,info@staticracks.com,+44 7675869261,Ines Dubois,105 Mill Lane,London,"Peckham, London",UK,51.46279,-0.07211,1420,trial pending,2026/03/10,,"Curated vintage womenswear, Levi's & band tees | Keen but wants to see the app before committing.",Inbound
L1045,Faded Denim,physical,Vintage clothing store,,,,,fadeddenim.co.uk,info@fadeddenim.com,+44 7136968164,,87 Union St,London,"Dalston, London",UK,51.54199,-0.08296,902,trial pending,May 4 2026,,"Vintage streetwear — Nike, Adidas, Ralph",Google Maps scrape
L1018,Analog Loft,shop,Used clothing store,,,,,analogloft.com,info@analogloft.com,+44 7623166587,Chloe Okafor,53 Broadway,London,"Brick Lane, London",UK,51.51835,-0.06502,4029,meeting set,21/06/2026,,Retro football shirts & vintage sportswear,Google Maps scrape
L1109,Vinyl Revival Records,physical,Record store,,,,,vinylrevivalrecord.co.uk,,,,78 The Parade,Berlin,"Kreuzberg, Berlin",Germany,52.49027,13.39478,1829,Closed Lost,2026/05/12,,Antique furniture & mid-century homeware,Instagram
L1098,Attic Rail,store,Vintage & retro fashion,@atticrail,19616,,,atticrail.shop,info@atticrail.com,,,112 Union St,Glasgow,Glasgow,UK,55.85359,-4.26173,1920,CONTACTED,2026-04-11,,"Reworked vintage and archive designer pieces | Left a voicemail, no callback yet.",Referral
L1105,Foundry Archive,physical,Vintage boutique,@foundryarchive,27032,,,foundryarchive.com,info@foundryarchive.com,+33 672151070,,44 Broadway,Paris,"Le Marais, Paris",France,48.86672,2.35748,6501,churned,2026-06-22,15 Dec,"Curated vintage womenswear, Levi's & band tees | ",Market visit
L1067,Analog Room,,Vintage & retro fashion,,,,,analogroom.shop,info@analogroom.com,+44 7345401938,Jack Okafor,45 Broadway,Brighton,"North Laine, Brighton",UK,50.83517,-0.14778,2281,1st touch sent,10 May,,"Vintage workwear, military surplus, carhartt",Market visit
L1001,Faded & Sons,,Consignment store,@fadedandsons,1269,,,fadedandsons.co.uk,info@fadedandsons.com,+44 7379402654,Sofia Klein,87 Market St,London,"Shoreditch, London",UK,51.51423,-0.08168,4064,quote sent,21/04/2026,,"Vintage workwear, military surplus, carhartt",Referral
L1002,Second & Sons,store,Retro clothing shop,@secondandsons,2679,,,secondandsons.com,info@secondandsons.com,+44 7316475255,,54 Mill Lane,London,"Shoreditch, London",UK,51.52884,-0.06759,6770,dormant,26/06/2026,2026/01/14,"Curated vintage womenswear, Levi's & band tees | ",BDR
L1039,Echo Collective,store,Used clothing store,,,,,echocollective.com,,+44 7950240268,,30 Market St,London,"Peckham, London",UK,51.47343,-0.06233,2931,contacted,2026-06-15,,Reworked vintage and archive designer pieces,Google Maps scrape
L1020,Cedar Exchange,store,Vintage boutique,@cedarexchange,24944,,,,info@cedarexchange.com,,Marco Green,18 High St,London,"Brick Lane, London",UK,51.5271,-0.06071,5229,1st touch sent,2026-04-23,,Retro football shirts & vintage sportswear | Owner mentioned they already buy from a Pakistan supplier.,Referral
L1152,stockfinds96,depop,,@stockfinds96,3282,209,9%,,,,,,,,,,,2079,Negotiating,25/06/2026,,"IG shop, DMs open",Depop scrape
L1053,Flea & Co,store,Antiques & collectibles,@fleaandco,2613,,,,info@fleaandco.com,+44 7319520585,Theo Nowak,176 Kingsland Rd,London,"Notting Hill, London",UK,51.52054,-0.19652,1382,not contacted,,,"Reclaimed furniture and home restoration | Tried us in 2023, wasn't happy with the sizing mix.",Google Maps scrape
L1047,Second Room,shop,Used clothing store,@secondroom,1744,,,,info@secondroom.com,+44 7597820715,,22 Cheshire St,London,"Dalston, London",UK,51.54951,-0.08606,5518,no fit,2026/05/05,,"Y2K, grunge and reworked one-off pieces",Market visit
L1079,Reloved Supply,,Antiques & collectibles,,,,,,info@relovedsupply.com,,,39 Union St,Manchester,"Northern Quarter, Manchester",UK,53.47661,-2.23537,1685,CONTACTED,2026-06-18,,Charity shop — all proceeds to local causes,Inbound
L1140,stockroom69,,,@stockroom69,7777,81,29%,,,,,,,,,,,2224,not contacted,,,"Whatnot seller, live sales",Depop scrape
L1023,Faded Finds,physical,Consignment store,,,,,fadedfinds.com,,+44 7678377701,Grace Diallo,104 Union St,London,"Brick Lane, London",UK,51.51635,-0.06954,1559,NEW,,,"Reworked vintage and archive designer pieces | Met at a market, said to drop by the shop.",Inbound
L1157,archiveco79,,,@archiveco79,56653,141,59%,,archiveco79@gmail.com,,,,,,,,,1417,closed - won,22 Apr,2026-05-28,"IG shop, DMs open",Depop scrape
L1124,Attic Garments,physical,Consignment store,@atticgarments,6644,,,atticgarments.shop,info@atticgarments.com,+33 603354216,Karim Cole,79 Church Rd,New York,"Williamsburg, New York",USA,40.70457,-73.9709,5294,new - inbound,,,Hand-picked vintage from the 60s to the 90s,Market visit
L1089,Revival Trading Co,,Used clothing store,@revivaltradingco,11933,,,revivaltradingco.com,,+44 7499125134,Priya Nowak,96 Church Rd,Bristol,"Stokes Croft, Bristol",UK,51.46526,-2.59196,1250,no fit,15 Mar,,"Vintage workwear, military surplus, carhartt | Price-sensitive, compares to local wholesalers.",Market visit
L1158,studiofinds26,depop,,@studiofinds26,9202,1372,20%,,,,,,,,,,,200,trial pending,June 19 2026,,,Depop scrape
L1189,retroco74,IG,,@retroco74,16191,525,60%,,,,,,,,,,,1337,new lead,,,"Whatnot seller, live sales",Whatnot
L1112,Time Warp Exchange,physical,Vintage boutique,@timewarpexchange,16218,,,timewarpexchange.co.uk,info@timewarpexchan.com,,Theo Nowak,156 Broadway,Berlin,"Kreuzberg, Berlin",Germany,52.49077,13.39343,588,New,,,Hand-picked vintage from the 60s to the 90s | Keen but wants to see the app before committing.,Market visit
L1117,Attic Room,shop,Consignment store,@atticroom,16509,,,atticroom.com,,+33 647546913,,114 Union St,Amsterdam,Amsterdam,Netherlands,52.37752,4.90187,2547,In conversation,2026-03-14,,"Vintage streetwear — Nike, Adidas, Ralph | Met at a market, said to drop by the shop.",Inbound
L1046,Loop Apparel,,Used clothing store,@loopapparel,21879,,,loopapparel.co.uk,info@loopapparel.com,+44 7997995527,Tom Meyer,114 Mill Lane,London,"Dalston, London",UK,51.55311,-0.07281,1787,negotiating,22/06/2026,,"Vintage streetwear — Nike, Adidas, Ralph | Heard of Fleek, thinks it's 'for small resellers'.",Inbound
L1035,Attic Wardrobe,physical,Vintage clothing store,@atticwardrobe,8612,,,atticwardrobe.shop,,+44 7047095214,,84 Broadway,London,"Camden, London",UK,51.53122,-0.15143,5639,lost,06/04/2026,,80s/90s denim & sportswear specialist,Inbound
L1154,grailfinds46,depop,,@grailfinds46,40551,207,23%,,,,,,,,,,,413,Churned,6 May,2025-11-24,"Fast seller, good margins",Vinted scrape
L1180,eraroom21,depop,,@eraroom21,53284,1157,44%,,,,,,,,,,,1057,new - inbound,,,,Depop scrape
L1192,depoprail23,,,@depoprail23,21486,47,5%,,,,,,,,,,,422,Contacted,06/04/2026,,"Fast seller, good margins",Depop scrape
L1139,stockpicks87,depop,,@stockpicks87,47353,266,53%,,,,,,,,,,,783,new lead,,,,Instagram
L1120,Mercer Society,store,Record store,@mercersociety,22104,,,mercersociety.shop,info@mercersociety.com,+33 699441715,,71 The Parade,New York,"Williamsburg, New York",USA,40.72368,-73.96573,3087,not contacted,,,Charity shop — all proceeds to local causes,Instagram
L1171,reworkeddrip77,depop,,@reworkeddrip77,62879,205,18%,,,,,,,,,,,200,Churned,01/05/2026,8 Jan,,Vinted scrape
L1084,Analog Corner,physical,Antiques & collectibles,@analogcorner,14198,,,analogcorner.co.uk,info@analogcorner.com,+44 7437993712,,78 High St,Manchester,"Northern Quarter, Manchester",UK,53.49477,-2.24003,491,negotiating,24 May,,"Records, vinyl & memorabilia",Inbound
L1092,Retrograde Corner,shop,Record store,,,,,retrogradecorner.co.uk,info@retrogradecorn.com,,Amara Marsh,168 Church Rd,Leeds,Leeds,UK,53.80453,-1.55802,664,emailed,2026-04-27,,"Reclaimed furniture and home restoration | Second shop opening soon, wants volume.",BDR
L1009,Cedar Wardrobe,physical,Retro clothing shop,@cedarwardrobe,24909,,,cedarwardrobe.shop,info@cedarwardrobe.com,+44 7788208121,,153 Market St,London,"Shoreditch, London",UK,51.52821,-0.07836,405,stopped buying,2026-05-22,18 Aug,"Y2K, grunge and reworked one-off pieces | Instagram DMs open, email bounced.",BDR
L1008,Foundry & Sons,store,Vintage clothing store,@foundryandsons,6412,,,foundryandsons.co.uk,,+44 7317810801,Noor Diallo,43 Broadway,London,"Shoreditch, London",UK,51.52366,-0.07887,5326,NEW,,,"Curated vintage womenswear, Levi's & band tees | Owner mentioned they already buy from a Pakistan supplier.",BDR
L1044,Relic Vault,store,Vintage & retro fashion,@relicvault,7321,,,relicvault.co.uk,info@relicvault.com,+44 7510762268,,59 Cheshire St,London,"Peckham, London",UK,51.47541,-0.06497,4040,In conversation,25/03/2026,,"Retro football shirts & vintage sportswear | Price-sensitive, compares to local wholesalers.",Instagram
L1194,Attic Finds,store,Second-hand shop,@atticfinds,16392,,,,info@atticfinds.com,+44 7901751863,,110 Union St,Leeds,Leeds,UK,53.79957,-1.55345,1271,1st touch sent,27/05/2026,,"Y2K, grunge and reworked one-off pieces | Met at a market, said to drop by the shop.",Referral
L1034,Analog Finds,,Charity shop,@analogfinds,18310,,,analogfinds.co.uk,info@analogfinds.com,+44 7946474367,,28 Union St,London,"Camden, London",UK,51.53615,-0.14598,893,In conversation,2026-06-11,,"Records, vinyl & memorabilia | ",Inbound
L1197,Homestead Collectibles,,Antique store,@homesteadcollectibles,16584,,,,,,Sam Marsh,50 Market St,Brighton,"North Laine, Brighton",UK,50.82194,-0.13445,889,not interested,May 29 2026,,Antique furniture & mid-century homeware,Instagram
L1191,sourcedvault98,,,@sourcedvault98,9204,140,38%,,,,,,,,,,,1712,lost,2026-04-23,,,Whatnot
L1073,Nomad Denim,,Thrift store,@nomaddenim,22033,,,,info@nomaddenim.com,+44 7903311907,,154 High St,Brighton,"North Laine, Brighton",UK,50.81987,-0.15094,300,NEW,,,"Hand-picked vintage from the 60s to the 90s | Met at a market, said to drop by the shop.",BDR
L1064,Faded Trading Co,,Used clothing store,@fadedtradingco,7856,,,,info@fadedtradingco.com,+44 7728962309,,180 Market St,London,"Soho, London",UK,51.50638,-0.13542,2300,stopped buying,2026-03-31,2025-11-17,"Curated vintage womenswear, Levi's & band tees | Price-sensitive, compares to local wholesalers.",Instagram
L1202,WILDER GOODS,,Used clothing store,,,,,wildergoods.com,info@wildergoods.com,,Ellie Rossi,167 Mill Lane,Leeds,Leeds,UK,53.79152,-1.53881,1242,sent pricing,2026/05/08,,80s/90s denim & sportswear specialist | ,Inbound
L1080,Dusty Shelves Antiques,physical,Homeware store,@dustyshelvesantiques,1438,,,,info@dustyshelvesan.com,,Oscar Weber,97 Cheshire St,Manchester,"Northern Quarter, Manchester",UK,53.48342,-2.23272,1040,new lead,,,Reclaimed furniture and home restoration,Google Maps scrape
L1100,Heirloom Apparel,shop,Vintage clothing store,@heirloomapparel,5317,,,heirloomapparel.com,info@heirloomappare.com,,Freya Green,108 Union St,Glasgow,Glasgow,UK,55.85992,-4.25381,3363,new - inbound,,,"Curated vintage womenswear, Levi's & band tees",Inbound
L1165,grailroom62,,,@grailroom62,15987,158,21%,,,,,,,,,,,1218,Churned,2026/06/05,3 Dec,"Fast seller, good margins",Instagram
L1040,Curated Racks,store,Vintage clothing store,@curatedracks,14934,,,,info@curatedracks.com,+44 7921249985,Oscar Dubois,136 Mill Lane,London,"Peckham, London",UK,51.47289,-0.06647,607,Contacted,2026-06-22,,"Y2K, grunge and reworked one-off pieces | ",Google Maps scrape
L1159,thepicks63,,,@thepicks63,10787,1188,41%,,,,,,,,,,,882,emailed,08/05/2026,,Sells on Depop + Vinted,Whatnot
L1068,Homestead Collectibles,,Antique store,@homesteadcollectibles,16584,,,,info@homesteadcolle.com,,Sam Marsh,50 Market St,Brighton,"North Laine, Brighton",UK,50.82194,-0.13445,889,emailed,10/03/2026,,Antique furniture & mid-century homeware,Instagram
L1174,eraera65,IG,,@eraera65,59912,1265,39%,,,,,,,,,,,1727,Negotiating,1 Jul,,,Instagram
L1022,Time Warp Depot,shop,Thrift store,@timewarpdepot,23577,,,timewarpdepot.co.uk,,+44 7284987769,,69 The Parade,London,"Brick Lane, London",UK,51.52944,-0.06356,3707,not contacted,,,"Vintage streetwear — Nike, Adidas, Ralph | Left a voicemail, no callback yet.",BDR
L1135,deadco25,IG,,@deadco25,47775,722,11%,,,,,,,,,,,1412,not contacted,,,,Depop scrape
L1175,retrothreads90,,,@retrothreads90,52544,810,27%,,,,,,,,,,,200,replied,2026-04-19,,"Fast seller, good margins",Vinted scrape
L1007,Marlowe Denim,physical,Vintage clothing store,@marlowedenim,1429,,,marlowedenim.shop,info@marlowedenim.com,+44 7347382997,,63 Kingsland Rd,London,"Shoreditch, London",UK,51.53138,-0.07943,3801,replied,March 13 2026,,"Vintage workwear, military surplus, carhartt | Price-sensitive, compares to local wholesalers.",Inbound
L1014,Foundry Trading Co,,Used clothing store,@foundrytradingco,17092,,,,info@foundrytrading.com,+44 7850142940,Priya Dubois,112 The Parade,London,"Shoreditch, London",UK,51.52949,-0.07647,405,new lead,,,"Vintage workwear, military surplus, carhartt",Referral
L1141,stockthreads26,depop,,@stockthreads26,10396,157,49%,,,,,,,,,,,1530,new lead,,,,Depop scrape
L1122,Kestrel Store,,Used clothing store,,,,,kestrelstore.co.uk,info@kestrelstore.com,+33 671709991,,121 Union St,New York,"Williamsburg, New York",USA,40.71501,-73.95118,435,lapsed,May 15 2026,2025-08-20,Reworked vintage and archive designer pieces | Busy on weekends — visit midweek.,Market visit
L1017,Loop Studio,,Retro clothing shop,@loopstudio,18665,,,,,+44 7278895798,,110 Cheshire St,London,"Brick Lane, London",UK,51.5197,-0.07968,2489,Negotiating,2026-05-31,,Retro football shirts & vintage sportswear,Market visit
L1025,Wilder Archive,shop,Antique store,@wilderarchive,19307,,,wilderarchive.com,info@wilderarchive.com,,Louis Cole,78 Market St,London,"Camden, London",UK,51.55085,-0.15176,1072,Contacted,2026-04-12,,Reclaimed furniture and home restoration,Referral
L1027,Heirloom Goods,,Thrift store,@heirloomgoods,19051,,,heirloomgoods.com,,+44 7746488771,Mila Okafor,111 The Parade,London,"Camden, London",UK,51.54149,-0.15398,1107,meeting set,March 6 2026,,"Vintage workwear, military surplus, carhartt | ",Referral
L1193,ANALOG CORNER,physical,Antiques & collectibles,@analogcorner,14198,,,analogcorner.co.uk,,+44 7437993712,,78 High St,Manchester,"Northern Quarter, Manchester",UK,53.49477,-2.24003,491,trial pending,9 Jun,,"Records, vinyl & memorabilia",Inbound
L1185,retrosupply29,,,@retrosupply29,38477,39,21%,,,,,,,,,,,1885,replied,2026-04-21,,,Whatnot
L1054,Foundry Room,store,Consignment store,@foundryroom,15912,,,foundryroom.com,,+44 7345054156,Oscar Novak,99 The Parade,London,"Notting Hill, London",UK,51.52037,-0.19609,990,new lead,,,"Vintage workwear, military surplus, carhartt | Met at a market, said to drop by the shop.",Inbound
L1205,Foundry Room,store,Consignment store,@foundryroom,15912,,,foundryroom.com,,+44 7345054156,Oscar Novak,99 The Parade,London,"Notting Hill, London",UK,51.52037,-0.19609,990,visiting,03/06/2026,,"Vintage workwear, military surplus, carhartt | Met at a market, said to drop by the shop.",Inbound
L1065,Pinegrove Apparel,,Vintage & retro fashion,@pinegroveapparel,6074,,,pinegroveapparel.shop,info@pinegroveappar.com,+44 7585497334,,143 Mill Lane,London,"Soho, London",UK,51.5072,-0.12265,4737,new lead,,,Retro football shirts & vintage sportswear | Busy on weekends — visit midweek.,Instagram
L1170,archivegoods76,,,@archivegoods76,10424,144,15%,,archivegoods76@gmail.com,,,,,,,,,1917,new - inbound,,,"IG shop, DMs open",Vinted scrape
L1061,The Costume Trunk,,Flea market,@thecostumetrunk,12987,,,thecostumetrunk.co.uk,info@thecostumetrun.com,+44 7325953278,Sam Meyer,79 Kingsland Rd,London,"Soho, London",UK,51.50236,-0.12331,1196,new lead,,,"Records, vinyl & memorabilia",BDR
L1033,Static Loft,shop,Retro clothing shop,@staticloft,28992,,,staticloft.shop,,+44 7400504556,Sofia Diallo,136 Broadway,London,"Camden, London",UK,51.54058,-0.13558,2145,sent pricing,19 Jun,,"80s/90s denim & sportswear specialist | Heard of Fleek, thinks it's 'for small resellers'.",Referral
L1006,Wilder Threads,shop,Furniture store,@wilderthreads,27139,,,wilderthreads.com,info@wilderthreads.com,+44 7782489638,,177 Union St,London,"Shoreditch, London",UK,51.52911,-0.07442,670,lost,2026/06/23,,Fancy dress & theatrical costume hire,Inbound
L1048,Worn Trading Co,store,Used clothing store,@worntradingco,18683,,,worntradingco.co.uk,info@worntradingco.com,+44 7925192546,,34 Market St,London,"Dalston, London",UK,51.54143,-0.07796,4189,CONTACTED,6 Apr,,"Y2K, grunge and reworked one-off pieces",BDR
L1043,Dusty Corner,,Retro clothing shop,@dustycorner,25855,,,dustycorner.shop,info@dustycorner.com,+44 7102290147,Rosa Frost,125 Kingsland Rd,London,"Peckham, London",UK,51.47194,-0.07583,3738,new - inbound,,,"Curated vintage womenswear, Levi's & band tees",Inbound
L1106,Echo Emporium,physical,Used clothing store,@echoemporium,18444,,,echoemporium.co.uk,info@echoemporium.com,+33 662638380,Oscar Haddad,123 Cheshire St,Paris,"Le Marais, Paris",France,48.86575,2.35626,3374,contacted,2026-05-01,,"Y2K, grunge and reworked one-off pieces",Inbound
L1116,Attic Supply,,Used clothing store,@atticsupply,5256,,,atticsupply.com,,+33 619148564,,99 Kingsland Rd,Amsterdam,Amsterdam,Netherlands,52.36933,4.90345,4547,Replied,2026/04/20,,"Y2K, grunge and reworked one-off pieces | Price-sensitive, compares to local wholesalers.",BDR
L1134,thriftedpicks46,depop,,@thriftedpicks46,46812,247,7%,,,,,,,,,,,938,won,10 Jun,24 Jun,Sells on Depop + Vinted,Whatnot
L1151,archiveera69,IG,,@archiveera69,57485,898,58%,,,,,,,,,,,2288,New,,,,Instagram
L1093,Attic Finds,store,Second-hand shop,@atticfinds,16392,,,,info@atticfinds.com,+44 7901751863,,110 Union St,Leeds,Leeds,UK,53.79957,-1.55345,1271,New,,,"Y2K, grunge and reworked one-off pieces | Met at a market, said to drop by the shop.",Referral
L1114,Second Wardrobe,,Retro clothing shop,@secondwardrobe,26882,,,secondwardrobe.com,info@secondwardrobe.com,+33 680686879,,61 Kingsland Rd,Berlin,"Kreuzberg, Berlin",Germany,52.49417,13.40048,3077,CONTACTED,23 Apr,,Retro football shirts & vintage sportswear,Google Maps scrape
L1070,Pinegrove Studio,,Used clothing store,@pinegrovestudio,20248,,,pinegrovestudio.co.uk,info@pinegrovestudi.com,+44 7833918785,,20 Market St,Brighton,"North Laine, Brighton",UK,50.81548,-0.13886,5236,meeting set,15 May,,"Curated vintage womenswear, Levi's & band tees",Referral
L1102,Bygone Threads,shop,Vintage boutique,@bygonethreads,3806,,,,,+33 667024103,,134 Broadway,Paris,"Le Marais, Paris",France,48.86382,2.35694,5257,Visit booked,2026/06/05,,"Vintage streetwear — Nike, Adidas, Ralph",Google Maps scrape
L1166,thriftedthreads84,depop,,@thriftedthreads84,55514,569,42%,,,,,,,,,,,1594,emailed,2026/04/23,,"Whatnot seller, live sales",Instagram
L1155,reworkedco18,IG,,@reworkedco18,20333,1356,28%,,,,,,,,,,,1529,quote sent,21/04/2026,,Sells on Depop + Vinted,Depop scrape
L1069,Ragged Goods,store,Used clothing store,@raggedgoods,11003,,,raggedgoods.co.uk,info@raggedgoods.com,+44 7374549904,,168 The Parade,Brighton,"North Laine, Brighton",UK,50.83063,-0.15051,3932,not interested,2026-05-31,,"Vintage workwear, military surplus, carhartt | Busy on weekends — visit midweek.",BDR
L1182,deadthreads93,,,@deadthreads93,19574,1253,8%,,,,,,,,,,,1769,1st touch sent,9 Jun,,"Fast seller, good margins",Depop scrape
L1075,Bygone Garments,shop,Vintage boutique,@bygonegarments,14048,,,,info@bygonegarments.com,+44 7634351751,,138 Union St,Brighton,"North Laine, Brighton",UK,50.81524,-0.14295,806,replied,2026/04/21,,"Y2K, grunge and reworked one-off pieces",Google Maps scrape
L1168,reworkedvault57,depop,,@reworkedvault57,14661,337,16%,,,,,,,,,,,2325,New,,,"Whatnot seller, live sales",Whatnot
L1082,Golden Era Goods,store,Vintage clothing store,@goldeneragoods,25747,,,goldeneragoods.com,info@goldeneragoods.com,+44 7477358662,,175 Broadway,Manchester,"Northern Quarter, Manchester",UK,53.47406,-2.23315,507,not contacted,,,"Vintage streetwear — Nike, Adidas, Ralph",Instagram
L1081,Mercer Loft,,Used clothing store,,,,,,info@mercerloft.com,+44 7025039261,Grace Nowak,145 Union St,Manchester,"Northern Quarter, Manchester",UK,53.4856,-2.22761,4992,new - inbound,,,"Curated vintage womenswear, Levi's & band tees",Referral
L1059,Nomad Emporium,physical,Charity shop,@nomademporium,10322,,,nomademporium.shop,,+44 7299229959,,11 High St,London,"Notting Hill, London",UK,51.49895,-0.18523,1648,stopped buying,2026/04/14,June 19 2025,Fancy dress & theatrical costume hire,Inbound
L1088,Nomad Room,,Vintage clothing store,@nomadroom,5647,,,nomadroom.co.uk,info@nomadroom.com,+44 7362266093,,116 Broadway,Bristol,"Stokes Croft, Bristol",UK,51.46233,-2.58509,3732,Closed Lost,2026/05/20,,80s/90s denim & sportswear specialist | ,Google Maps scrape
L1042,Relic Racks,physical,Used clothing store,@relicracks,12444,,,relicracks.co.uk,info@relicracks.com,+44 7936899809,Rosa Marsh,8 Church Rd,London,"Peckham, London",UK,51.46856,-0.0627,1199,new - inbound,,,"Vintage streetwear — Nike, Adidas, Ralph",Inbound
L1021,Golden Era Finds,physical,Vintage clothing store,,,,,,info@goldenerafinds.com,+44 7496631931,Ellie Lopez,176 Market St,London,"Brick Lane, London",UK,51.52811,-0.06992,1915,emailed,2026/06/18,,"Vintage workwear, military surplus, carhartt | Met at a market, said to drop by the shop.",Market visit
L1019,Cedar Finds,physical,Antique store,@cedarfinds,9343,,,,info@cedarfinds.com,+44 7656272980,,101 High St,London,"Brick Lane, London",UK,51.51101,-0.07321,1118,not interested,7 May,,Fancy dress & theatrical costume hire,BDR
